{"cameraMode":{"drawMode":0,"name":"Shaded","section":"Shading Mode"},"sceneLighting":true,"audioPlay":false,"sceneViewState":{"showFog":true,"showMaterialUpdate":true,"showSkybox":false,"showFlares":true,"showImageEffects":true,"showParticleSystems":true},"in2DMode":false,"pivot":{"x":19.227008819580079,"y":10.717489242553711,"z":-3.2518227100372316},"rotation":{"x":0.15004010498523713,"y":-0.6654316782951355,"z":0.14326606690883637,"w":0.7179142832756043},"size":41.66739273071289,"orthographic":false}