{"cameraMode":{"drawMode":0,"name":"Shaded","section":"Shading Mode"},"sceneLighting":true,"audioPlay":false,"sceneViewState":{"showFog":true,"showMaterialUpdate":true,"showSkybox":true,"showFlares":true,"showImageEffects":true,"showParticleSystems":true},"in2DMode":false,"pivot":{"x":10.11075210571289,"y":16.503677368164064,"z":43.387752532958987},"rotation":{"x":0.09717822819948197,"y":-0.0980573371052742,"z":0.009665279649198056,"w":0.9904338121414185},"size":57.42006301879883,"orthographic":false}