{"cameraMode":{"drawMode":0,"name":"Shaded","section":"Shading Mode"},"sceneLighting":false,"audioPlay":false,"sceneViewState":{"showFog":true,"showMaterialUpdate":true,"showSkybox":false,"showFlares":true,"showImageEffects":true,"showParticleSystems":true},"in2DMode":false,"pivot":{"x":-0.018743619322776796,"y":11.702925682067871,"z":-0.06241906061768532},"rotation":{"x":-0.20134903490543366,"y":0.027025137096643449,"z":-0.005566333886235952,"w":-0.9791451096534729},"size":28.984092712402345,"orthographic":false}