{"cameraMode":{"drawMode":0,"name":"Shaded","section":"Shading Mode"},"sceneLighting":false,"audioPlay":false,"sceneViewState":{"showFog":true,"showMaterialUpdate":true,"showSkybox":false,"showFlares":true,"showImageEffects":true,"showParticleSystems":true},"in2DMode":false,"pivot":{"x":-0.009394645690917969,"y":3.7652196884155275,"z":0.10847997665405274},"rotation":{"x":-0.517721951007843,"y":0.0389820858836174,"z":-0.023621419444680215,"w":-0.8543440699577332},"size":37.98063278198242,"orthographic":false}