{"cameraMode":{"drawMode":0,"name":"Shaded","section":"Shading Mode"},"sceneLighting":false,"audioPlay":false,"sceneViewState":{"showFog":true,"showMaterialUpdate":true,"showSkybox":false,"showFlares":true,"showImageEffects":true,"showParticleSystems":true},"in2DMode":false,"pivot":{"x":2.1130874156951906,"y":7.7663164138793949,"z":-9.5367431640625e-7},"rotation":{"x":0.12146597355604172,"y":0.6432997584342957,"z":-0.1043299213051796,"w":0.748710572719574},"size":34.70100402832031,"orthographic":false}