{"cameraMode":{"drawMode":0,"name":"Shaded","section":"Shading Mode"},"sceneLighting":false,"audioPlay":false,"sceneViewState":{"showFog":true,"showMaterialUpdate":true,"showSkybox":false,"showFlares":true,"showImageEffects":true,"showParticleSystems":true},"in2DMode":false,"pivot":{"x":-0.24762775003910066,"y":-1.5410550832748414,"z":0.5307132601737976},"rotation":{"x":0.5945716500282288,"y":0.09989703446626663,"z":-0.07386939972639084,"w":0.794583797454834},"size":4.666905403137207,"orthographic":false}