{"cameraMode":{"drawMode":0,"name":"Shaded","section":"Shading Mode"},"sceneLighting":false,"audioPlay":false,"sceneViewState":{"showFog":true,"showMaterialUpdate":true,"showSkybox":false,"showFlares":true,"showImageEffects":true,"showParticleSystems":true},"in2DMode":false,"pivot":{"x":-59.87769317626953,"y":-113.14216613769531,"z":12.383101463317871},"rotation":{"x":0.39994972944259646,"y":-0.4774070084095001,"z":0.2622516453266144,"w":0.7379987835884094},"size":193.58523559570313,"orthographic":false}