{"cameraMode":{"drawMode":0,"name":"Shaded","section":"Shading Mode"},"sceneLighting":false,"audioPlay":false,"sceneViewState":{"showFog":true,"showMaterialUpdate":true,"showSkybox":false,"showFlares":true,"showImageEffects":true,"showParticleSystems":true},"in2DMode":false,"pivot":{"x":-0.0006451606750488281,"y":10.347110748291016,"z":-0.0030012130737304689},"rotation":{"x":-0.00009036376286530867,"y":-0.9950028657913208,"z":0.10224685817956925,"w":0.02787739410996437},"size":37.39842987060547,"orthographic":false}