{"cameraMode":{"drawMode":0,"name":"Shaded","section":"Shading Mode"},"sceneLighting":false,"audioPlay":false,"sceneViewState":{"showFog":true,"showMaterialUpdate":true,"showSkybox":false,"showFlares":true,"showImageEffects":true,"showParticleSystems":true},"in2DMode":false,"pivot":{"x":-0.6183433532714844,"y":16.679792404174806,"z":0.8053817749023438},"rotation":{"x":0.039396677166223529,"y":0.6874428987503052,"z":-0.037345945835113528,"w":0.7242722511291504},"size":30.665904998779298,"orthographic":false}