{"cameraMode":{"drawMode":0,"name":"Shaded","section":"Shading Mode"},"sceneLighting":false,"audioPlay":false,"sceneViewState":{"showFog":true,"showMaterialUpdate":true,"showSkybox":false,"showFlares":true,"showImageEffects":true,"showParticleSystems":true},"in2DMode":false,"pivot":{"x":363.09600830078127,"y":-36.88170623779297,"z":-690.572021484375},"rotation":{"x":-0.009466318413615227,"y":-0.9712973833084106,"z":0.014996064826846123,"w":-0.24021562933921815},"size":800.2074584960938,"orthographic":false}