{"cameraMode":{"drawMode":0,"name":"Shaded","section":"Shading Mode"},"sceneLighting":false,"audioPlay":false,"sceneViewState":{"showFog":true,"showMaterialUpdate":true,"showSkybox":false,"showFlares":true,"showImageEffects":true,"showParticleSystems":true},"in2DMode":false,"pivot":{"x":1.7728767395019532,"y":6.499355792999268,"z":0.34716135263442995},"rotation":{"x":0.007768559735268354,"y":-0.03008335828781128,"z":0.0015558013692498208,"w":0.999779462814331},"size":13.808297157287598,"orthographic":false}