{"cameraMode":{"drawMode":0,"name":"Shaded","section":"Shading Mode"},"sceneLighting":false,"audioPlay":false,"sceneViewState":{"showFog":true,"showMaterialUpdate":true,"showSkybox":false,"showFlares":true,"showImageEffects":true,"showParticleSystems":true},"in2DMode":false,"pivot":{"x":0.023315012454986573,"y":0.2649900019168854,"z":0.010475000366568566},"rotation":{"x":0.019923819229006769,"y":-0.9392704963684082,"z":0.07285013794898987,"w":0.33689191937446597},"size":2.16865611076355,"orthographic":false}