{"cameraMode":{"drawMode":0,"name":"Shaded","section":"Shading Mode"},"sceneLighting":false,"audioPlay":false,"sceneViewState":{"showFog":true,"showMaterialUpdate":true,"showSkybox":false,"showFlares":true,"showImageEffects":true,"showParticleSystems":true},"in2DMode":false,"pivot":{"x":-0.47424083948135378,"y":-0.9053125977516174,"z":0.14254781603813172},"rotation":{"x":0.5485916137695313,"y":0.02820943482220173,"z":-0.016946867108345033,"w":0.835773229598999},"size":3.4283318519592287,"orthographic":false}