{"cameraMode":{"drawMode":0,"name":"Shaded","section":"Shading Mode"},"sceneLighting":false,"audioPlay":false,"sceneViewState":{"showFog":true,"showMaterialUpdate":true,"showSkybox":false,"showFlares":true,"showImageEffects":true,"showParticleSystems":true},"in2DMode":false,"pivot":{"x":-6.987857818603516,"y":0.7579593658447266,"z":2.1898603439331056},"rotation":{"x":0.2773723602294922,"y":0.5868200659751892,"z":-0.22247110307216645,"w":0.7281950116157532},"size":35.636558532714847,"orthographic":false}