{"cameraMode":{"drawMode":0,"name":"Shaded","section":"Shading Mode"},"sceneLighting":false,"audioPlay":false,"sceneViewState":{"showFog":true,"showMaterialUpdate":true,"showSkybox":false,"showFlares":true,"showImageEffects":true,"showParticleSystems":true},"in2DMode":false,"pivot":{"x":0.4165388345718384,"y":-0.9122205376625061,"z":0.7216314673423767},"rotation":{"x":0.5042228698730469,"y":0.0007602536352351308,"z":0.0014448361471295357,"w":0.8639131188392639},"size":4.666905403137207,"orthographic":false}