{"cameraMode":{"drawMode":0,"name":"Shaded","section":"Shading Mode"},"sceneLighting":false,"audioPlay":false,"sceneViewState":{"showFog":true,"showMaterialUpdate":true,"showSkybox":false,"showFlares":true,"showImageEffects":true,"showParticleSystems":true},"in2DMode":false,"pivot":{"x":-0.3580780029296875,"y":15.355445861816407,"z":-3.6429061889648439},"rotation":{"x":-0.22421443462371827,"y":-0.29225632548332217,"z":0.07068385928869248,"w":-0.9270076155662537},"size":71.44107818603516,"orthographic":false}