{"cameraMode":{"drawMode":0,"name":"Shaded","section":"Shading Mode"},"sceneLighting":false,"audioPlay":false,"sceneViewState":{"showFog":true,"showMaterialUpdate":true,"showSkybox":false,"showFlares":true,"showImageEffects":true,"showParticleSystems":true},"in2DMode":false,"pivot":{"x":0.7083068490028381,"y":-1.2964613437652588,"z":1.1840389966964722},"rotation":{"x":0.37716755270957949,"y":0.2141631543636322,"z":-0.08895324170589447,"w":0.8969705104827881},"size":4.666905403137207,"orthographic":false}