{"cameraMode":{"drawMode":0,"name":"Shaded","section":"Shading Mode"},"sceneLighting":false,"audioPlay":false,"sceneViewState":{"showFog":true,"showMaterialUpdate":true,"showSkybox":false,"showFlares":true,"showImageEffects":true,"showParticleSystems":true},"in2DMode":false,"pivot":{"x":-0.01605820655822754,"y":0.0,"z":0.0030949704814702274},"rotation":{"x":0.019923819229006769,"y":-0.9392704963684082,"z":0.07285013794898987,"w":0.33689191937446597},"size":2.604557752609253,"orthographic":false}