{"cameraMode":{"drawMode":0,"name":"Shaded","section":"Shading Mode"},"sceneLighting":false,"audioPlay":false,"sceneViewState":{"showFog":true,"showMaterialUpdate":true,"showSkybox":false,"showFlares":true,"showImageEffects":true,"showParticleSystems":true},"in2DMode":false,"pivot":{"x":3.9844844341278078,"y":-24.730674743652345,"z":3.933403491973877},"rotation":{"x":0.5177649855613709,"y":0.11373381316661835,"z":-0.06926950812339783,"w":0.8457083702087402},"size":84.95098114013672,"orthographic":false}