{"cameraMode":{"drawMode":0,"name":"Shaded","section":"Shading Mode"},"sceneLighting":false,"audioPlay":false,"sceneViewState":{"showFog":true,"showMaterialUpdate":true,"showSkybox":false,"showFlares":true,"showImageEffects":true,"showParticleSystems":true},"in2DMode":false,"pivot":{"x":0.0,"y":7.654066562652588,"z":1.9055382013320923},"rotation":{"x":-0.27483677864074709,"y":-0.4010944962501526,"z":0.12751281261444093,"w":-0.8644952774047852},"size":28.883975982666017,"orthographic":false}