{"cameraMode":{"drawMode":0,"name":"Shaded","section":"Shading Mode"},"sceneLighting":false,"audioPlay":false,"sceneViewState":{"showFog":true,"showMaterialUpdate":true,"showSkybox":false,"showFlares":true,"showImageEffects":true,"showParticleSystems":true},"in2DMode":false,"pivot":{"x":966.578369140625,"y":543.5858154296875,"z":-22.73979377746582},"rotation":{"x":0.06345145404338837,"y":0.037787653505802158,"z":0.002242435934022069,"w":0.9979600310325623},"size":61.34468078613281,"orthographic":false}