{"cameraMode":{"drawMode":0,"name":"Shaded","section":"Shading Mode"},"sceneLighting":false,"audioPlay":false,"sceneViewState":{"showFog":true,"showMaterialUpdate":true,"showSkybox":false,"showFlares":true,"showImageEffects":true,"showParticleSystems":true},"in2DMode":false,"pivot":{"x":787.5014038085938,"y":1017.8025512695313,"z":-1009.8750610351563},"rotation":{"x":0.18927553296089173,"y":-0.060207802802324298,"z":0.013079876080155373,"w":0.9803349375724793},"size":172.2650604248047,"orthographic":false}