{"cameraMode":{"drawMode":0,"name":"Shaded","section":"Shading Mode"},"sceneLighting":false,"audioPlay":false,"sceneViewState":{"showFog":true,"showMaterialUpdate":true,"showSkybox":false,"showFlares":true,"showImageEffects":true,"showParticleSystems":true},"in2DMode":false,"pivot":{"x":8.14340877532959,"y":-2.1854143142700197,"z":-0.8922038078308106},"rotation":{"x":0.1710895299911499,"y":0.7839105725288391,"z":-0.24502000212669373,"w":0.5451573729515076},"size":20.56370735168457,"orthographic":false}