{"cameraMode":{"drawMode":0,"name":"Shaded","section":"Shading Mode"},"sceneLighting":false,"audioPlay":false,"sceneViewState":{"showFog":true,"showMaterialUpdate":true,"showSkybox":false,"showFlares":true,"showImageEffects":true,"showParticleSystems":true},"in2DMode":false,"pivot":{"x":-0.34667113423347475,"y":1.3264031410217286,"z":1.0546915531158448},"rotation":{"x":0.031384389847517017,"y":-0.9582326412200928,"z":0.11584651470184326,"w":0.25964486598968508},"size":15.466312408447266,"orthographic":false}