{"cameraMode":{"drawMode":0,"name":"Shaded","section":"Shading Mode"},"sceneLighting":false,"audioPlay":false,"sceneViewState":{"showFog":true,"showMaterialUpdate":true,"showSkybox":false,"showFlares":true,"showImageEffects":true,"showParticleSystems":true},"in2DMode":false,"pivot":{"x":-0.7413872480392456,"y":8.476577758789063,"z":0.5024876594543457},"rotation":{"x":0.39305806159973147,"y":0.43801531195640566,"z":-0.21705041825771333,"w":0.779639482498169},"size":19.414384841918947,"orthographic":false}