{"cameraMode":{"drawMode":0,"name":"Shaded","section":"Shading Mode"},"sceneLighting":false,"audioPlay":false,"sceneViewState":{"showFog":true,"showMaterialUpdate":true,"showSkybox":false,"showFlares":true,"showImageEffects":true,"showParticleSystems":true},"in2DMode":false,"pivot":{"x":-0.0005240440368652344,"y":2.0904529094696047,"z":0.0},"rotation":{"x":0.31503477692604067,"y":0.3150383532047272,"z":-0.11171980202198029,"w":0.8882942199707031},"size":26.73203468322754,"orthographic":false}