{"cameraMode":{"drawMode":0,"name":"Shaded","section":"Shading Mode"},"sceneLighting":false,"audioPlay":false,"sceneViewState":{"showFog":true,"showMaterialUpdate":true,"showSkybox":false,"showFlares":true,"showImageEffects":true,"showParticleSystems":true},"in2DMode":false,"pivot":{"x":-30.146142959594728,"y":259.2421569824219,"z":764.3154907226563},"rotation":{"x":-0.013713003136217595,"y":-0.9861606955528259,"z":0.16272611916065217,"w":-0.0474747009575367},"size":22.0,"orthographic":false}