{"cameraMode":{"drawMode":0,"name":"Shaded","section":"Shading Mode"},"sceneLighting":false,"audioPlay":false,"sceneViewState":{"showFog":true,"showMaterialUpdate":true,"showSkybox":false,"showFlares":true,"showImageEffects":true,"showParticleSystems":true},"in2DMode":false,"pivot":{"x":-61.649147033691409,"y":14.884540557861329,"z":-17.232633590698243},"rotation":{"x":0.17812296748161317,"y":0.7519212961196899,"z":-0.22357358038425446,"w":0.5945466160774231},"size":545.369384765625,"orthographic":false}