{"cameraMode":{"drawMode":0,"name":"Shaded","section":"Shading Mode"},"sceneLighting":false,"audioPlay":false,"sceneViewState":{"showFog":true,"showMaterialUpdate":true,"showSkybox":false,"showFlares":true,"showImageEffects":true,"showParticleSystems":true},"in2DMode":false,"pivot":{"x":-0.8246352672576904,"y":-54.061134338378909,"z":17.644012451171876},"rotation":{"x":-0.3790225684642792,"y":-0.26421767473220827,"z":0.11428304761648178,"w":-0.8800134062767029},"size":17.67823028564453,"orthographic":false}